[{"jobs":[],"employer":"ITHS","duration":[{"start":"2016-01-01 00:00:00","end":"2016-02-28 00:00:00"}],"title":"Database teacher","description":"Teacher for a Database course"},{"jobs":[],"employer":"GU","duration":[{"start":"2017-06-30 00:00:00","end":"2016-12-31 00:00:00"}],"title":"Database teacher","description":"Lecturer for an introductory Java course etc"},{"jobs":[],"employer":"Yrgo","duration":[{"start":"2017-01-01 00:00:00","end":"2017-06-30 00:00:00"}],"title":"Java teacher","description":"Teacher for a Java course"}]