<?xml version="1.0" encoding="UTF-8" standalone="yes"?>
<students>
    <student>
        <name>Rick Grimes</name>
        <age>35</age>
        <subject>Maths</subject>
        <gender>false</gender>
    </student>
    <student>
        <name>Daryl Dixon</name>
        <age>33</age>
        <subject>Science</subject>
        <gender>false</gender>
    </student>
    <student>
        <name>Maggie</name>
        <age>36</age>
        <subject>Arts</subject>
        <gender>true</gender>
    </student>
</students>
